{
  "saturation": 0.2370000034570694,
  "r": 34,
  "b": 45,
  "brightness": 0.2919999957084656,
  "g": 191,
  "hue": 0.04100000113248825,
  "instrument": "/piano",
  "renderColor": -14505956,
  "enabled": true
}