{
  "saturation": 0.3840000033378601,
  "r": 168,
  "b": 44,
  "brightness": 0.4189999997615814,
  "g": 165,
  "hue": 0.0689999982714653,
  "instrument": "/voice",
  "renderColor": -331253,
  "enabled": true
}