{
  "saturation": 0.3840000033378601,
  "r": 131,
  "b": 168,
  "brightness": 0.4189999997615814,
  "g": 49,
  "hue": 0.12800000607967377,
  "instrument": "/angels",
  "renderColor": -8179288,
  "enabled": true
}