{
  "saturation": 0.5059999823570251,
  "r": 184,
  "b": 19,
  "brightness": 0.4480000138282776,
  "g": 12,
  "hue": 0.10999999940395355,
  "instrument": "/bell",
  "renderColor": -4715501,
  "enabled": true
}