{
  "saturation": 0.3840000033378601,
  "r": 122,
  "b": 122,
  "brightness": 0.4189999997615814,
  "g": 47,
  "hue": 0.12800000607967377,
  "instrument": "/pulse",
  "renderColor": -8769670,
  "enabled": true
}