{
  "saturation": 0.10499999672174454,
  "r": 36,
  "b": 73,
  "brightness": 0.0989999994635582,
  "g": 168,
  "hue": 0.04100000113248825,
  "instrument": "/piano",
  "renderColor": -14374839,
  "enabled": true
}