{
  "saturation": 0.3840000033378601,
  "r": 168,
  "b": 44,
  "brightness": 0.4189999997615814,
  "g": 165,
  "hue": 0.12800000607967377,
  "instrument": "/voice",
  "renderColor": -5724884,
  "enabled": false
}