{
  "saturation": 0.5059999823570251,
  "r": 18,
  "b": 219,
  "brightness": 0.4480000138282776,
  "g": 18,
  "hue": 0.10999999940395355,
  "instrument": "/kytar",
  "renderColor": -15592741,
  "enabled": true
}